,l,b,age (years),distance (kpc),type_x,name,RA (hh),RA (mm),RA (ss),Dec (deg),Dec (min),type_y,semimaj_axis (arcmin),semimin_axis (arcmin),best-fit S_1GHz,1-GHz,spectral,best-fit alpha,diam,confidence,Surface brightness (W/m2/Hz/sr),err in dist,dist known,r,theta
0,0.0,0.0,1200 - 10000,8.0,thermal composite,0.0+0.0,17,45,44,-29,0,S,3.5,2.5,97.93362626496669,100?,0.8?,0.7147232911740121,3.0,1.0,1.7019210773237152e-18,2.0,1.0,0.0,0.0
1,0.3,0.0,≤ 500000,8.5,shell,0.3+0.0,17,46,15,-28,38,S,15.0,8.0,0.0,22,0.6,0.0,11.5,0.5,2.758667249278152e-20,2.125,1.0,0.5018607918038167,174.91224933038072
2,0.9,0.1,1900 PSR: 5000,10.75,plerionic composite,0.9+0.1,17,47,21,-28,9,C,8.0,8.0,0.0,18?,varies,0.0,8.0,0.5,4.2320463483244387e-20,4.5,1.0,2.7538553362793734,176.4846829996074
3,1.9,0.3,150 - 220,8.5,shell,1.9+0.3,17,48,45,-27,10,S,1.5,1.5,0.0,0.6,0.6,0.0,1.5,0.5,4.012606908040948e-20,2.125,1.0,0.5698865079303179,150.3620421261117
4,3.8,0.3,,11.986812436901332,shell?,3.8+0.3,17,52,55,-25,28,S?,18.0,18.0,0.0,3?,0.6,0.0,18.0,0.5,1.3932662875142181e-21,11.986812436901332,0.0,4.03934742285775,168.65778477059743
5,4.5,6.8,SN: 418 yr,10.75,shell,4.5+6.8,17,30,42,-21,29,S,3.0,3.0,0.0,19,0.64,0.0,3.0,0.5,3.176647135532417e-19,4.5,1.0,2.844770394584065,162.75331973116067
6,4.8,6.2,,11.97896638861434,shell,4.8+6.2,17,33,25,-21,34,S,18.0,18.0,0.0,3,0.6,0.0,18.0,0.5,1.3932662875142181e-21,11.97896638861434,0.0,4.062556370125572,165.71562120579657
7,5.5,0.3,,11.972393104746198,shell,5.5+0.3,17,57,4,-24,0,S,15.0,12.0,0.0,5.5,0.7,0.0,13.5,0.5,4.597778748796921e-21,11.972393104746198,0.0,4.081887228406203,163.6728965686531
8,5.9,3.1,,11.968237975692029,shell,5.9+3.1,17,47,20,-22,16,S,20.0,20.0,0.0,3.3?,0.4?,0.0,20.0,0.5,1.2414002621751684e-21,11.968237975692029,0.0,4.094054195684653,162.51262360046204
9,6.1,0.5,,11.966051743003506,shell,6.1+0.5,17,57,29,-23,25,S,18.0,12.0,0.0,4.5,0.9,0.0,15.0,0.5,3.1348491469069907e-21,11.966051743003506,0.0,4.100439693955118,161.93452208334705
10,6.1,1.2,,11.966051743003506,filled-centre?,6.1+1.2,17,54,55,-23,5,F,30.0,26.0,0.0,4.0?,0.3?,0.0,28.0,0.5,7.716551746232592e-22,11.966051743003506,0.0,4.100439693955118,161.93452208334705
11,6.4,4.0,,11.962636689488573,shell,6.4+4.0,17,45,10,-21,22,S,31.0,31.0,0.0,1.3?,0.4?,0.0,31.0,0.5,2.035531600072801e-22,11.962636689488573,0.0,4.110392126707851,161.0700183629549
12,7.2,0.2,,11.95273493331292,shell,7.2+0.2,18,1,7,-22,38,S,12.0,12.0,0.0,2.8,0.6,0.0,12.0,0.5,2.9258592037798577e-21,11.95273493331292,0.0,4.139097439534496,158.78105964317018
13,8.3,0.0,,11.937237231833267,shell,8.3-0.0,18,4,34,-21,49,S,5.0,4.0,0.0,1.2,0.6,0.0,4.5,0.5,9.028365543092132e-21,11.937237231833267,0.0,4.18358306609701,155.67580898535059
14,8.9,0.4,,11.92786824574485,shell,8.9+0.4,18,3,58,-21,3,S,24.0,24.0,0.0,9,0.6,0.0,24.0,0.5,2.3511368601802427e-21,11.92786824574485,0.0,4.210220791378011,154.00415180726853
15,9.7,0.0,,11.914374656000815,shell,9.7-0.0,18,7,22,-20,35,S,15.0,11.0,0.0,3.7,0.6,0.0,13.0,0.5,3.374237627216253e-21,11.914374656000815,0.0,4.248255707516376,151.80108485282662
16,9.8,0.6,,11.912607671071465,shell,9.8+0.6,18,5,8,-20,14,S,12.0,12.0,4.073823439190513,3.9,0.5,0.39406651055834346,12.0,1.0,4.166122267655558e-21,11.912607671071465,0.0,4.253208021614899,151.52784076453008
17,10.5,0.0,,11.899740625243506,shell,10.5-0.0,18,9,8,-19,47,S,6.0,6.0,0.0,0.9,0.6,0.0,6.0,0.5,3.761818976288389e-21,11.899740625243506,0.0,4.289076013773745,149.62883104581147
18,11.0,0.0,,10.75,shell?,11.0-0.0,18,10,4,-19,25,S,11.0,9.0,0.0,1.3,0.6,0.0,10.0,0.5,1.975904916838346e-21,4.5,1.0,3.274541868262155,141.2144509279868
19,11.1,0.1,PSR: 51300,10.75,plerionic composite?,11.1+0.1,18,9,47,-19,12,S,12.0,10.0,0.0,2.3,0.4,0.0,11.0,0.5,2.8840612151544315e-21,4.5,1.0,3.2833156706801483,140.92465489410102
20,12.2,0.3,,11.86488005983355,shell,12.2+0.3,18,11,17,-18,10,S,6,5,0.0,0.8,0.7,0.0,5.5,0.5,4.0126069080409476e-21,11.86488005983355,0.0,4.384589053236823,145.12041043441974
21,12.5,0.2,,11.858199953038996,plerionic composite?,12.5+0.2,18,12,14,-17,55,C?,6,5,0.0,0.6,0.4,0.0,5.5,0.5,3.009455181030712e-21,11.858199953038996,0.0,4.402623521690901,144.340502759445
22,12.7,0.0,,11.853658932400133,shell,12.7-0.0,18,13,19,-17,54,S,6,6,0.0,0.8,0.8,0.0,6.0,0.5,3.343839090034124e-21,11.853658932400133,0.0,4.4148352080604765,143.82323221950006
23,12.8,0.0,1200 PSR: 5000,7.35,plerionic composite,12.8-0.0,18,13,37,-17,49,C?,3,3,0.0,0.8,0.5,0.0,3.0,0.5,1.3375356360136493e-20,12.0,1.0,1.8289166010689917,91.48235657630316
24,13.5,0.2,,11.834796049961884,shell,13.5+0.2,18,14,14,-17,12,S,5,4,3.8788090398444175,3.5?,1.0?,1.109897474338725,4.5,1.0,2.7757743868495043e-20,11.834796049961884,0.0,4.4651542477059625,141.77567652357058
25,14.3,0.1,,11.814819994805491,shell,14.3+0.1,18,15,58,-16,27,S,5,4,0.0,0.6,0.4,0.0,4.5,0.5,4.514182771546067e-21,11.814819994805491,0.0,4.517745952390906,139.7628786805598
26,15.4,0.1,2500 - 8200 PSR: 17000,7.35,plerionic composite?,15.4+0.1,18,18,2,-15,27,C?,15,14,5.568096968708165,5.6,0.62,0.6058736320144268,14.5,1.0,4.00117705770621e-21,12.0,1.0,2.1551984739389214,84.29016076906896
27,15.9,0.2,1000 - 3000,7.35,shell?,15.9+0.2,18,18,52,-15,2,S?,7,5,1.5921981854469502,5.0,0.63,1.7594301701573811,6.0,0.5,2.1496108435933647e-20,12.0,1.0,2.2184954354275224,83.01846110411887
28,16.7,0.1,2100,14.0,plerionic composite,16.7+0.1,18,20,56,-14,20,C,4,4,2.8813146556242253,3.0,0.6,0.5160840854064783,4.0,1.0,2.7655551346312774e-20,3.5,1.0,6.74149546871089,143.36187958690383
29,17.0,0.0,,11.739276174292765,shell,17.0-0.0,18,21,57,-14,8,S,5,5,0.0,0.5,0.5,0.0,5.0,0.5,3.009455181030712e-21,11.739276174292765,0.0,4.710562058149988,133.22877292358922
30,18.8,0.3,100000,7.35,shell,18.8+0.3,18,23,58,-12,23,S,17,11,28.897988283679172,33,0.46,0.5481637036441229,14.0,1.0,2.4903639242740185e-20,12.0,1.0,2.5877687320149185,76.14788699017588
31,19.1,0.2,,11.67199782200374,shell,19.1+0.2,18,24,56,-12,7,S,27,27,0.0,10,0.5,0.0,27.0,0.5,2.0640982037247674e-21,11.67199782200374,0.0,4.874881213233814,128.42129926800845
32,24.7,0.6,9500,7.35,plerionic composite?,24.7+0.6,18,34,10,-7,5,C?,30,15,22.552060296373874,20?,0.2?,0.17871760172969942,22.5,1.0,7.114362129025196e-21,12.0,1.0,3.3439405381761063,66.70402481132315
33,24.7,0.6,,7.35,shell?,24.7+0.6,18,34,10,-7,5,C?,30,15,22.552060296373874,20?,0.2?,0.17871760172969942,22.5,1.0,7.114362129025196e-21,12.0,1.0,3.3439405381761063,66.70402481132315
34,27.4,0.0,750 - 2100 PSR: 4300,7.35,shell,27.4+0.0,18,41,19,-4,56,S,4,4,5.4625921666744555,6,0.68,0.6978421895976116,4.0,1.0,5.390024591256325e-20,12.0,1.0,3.6899065988123874,66.44563523674097
35,27.8,0.6,,11.317767070355151,filled-centre,27.8+0.6,18,39,50,-4,24,F,50,30,45.64083529355442,30,varies,0.6558610048830208,40.0,0.5,3.009455181030712e-21,11.317767070355151,0.0,5.648729816621135,110.86053663736958
36,28.8,1.5,32000,7.35,thermal composite?,28.8+1.5,18,39,0,-2,55,S?,100?,100?,0.0,?,0.4?,0.0,100.0,,,12.0,1.0,3.8689577959499166,66.23485600365511
37,29.6,0.1,≤ 8000,7.2,shell,29.6+0.1,18,44,52,-2,57,S,5,5,0.0,1.5?,0.5?,0.0,5.0,0.5,9.028365543092132e-21,5.6,1.0,3.9590635409145403,63.9340084964217
38,30.7,1.0,,11.174364474980557,shell?,30.7+1.0,18,44,0,-1,32,S?,24,18,5.822172872312082,6,0.4,0.3489811884500532,21.0,1.0,2.058929363519695e-21,11.174364474980557,0.0,5.927358482519216,105.74375133623484
39,31.9,0.0,7400 - 8400,7.2,thermal composite,31.9+0.0,18,49,25,0,55,S,7,5,24.11417257884368,25,varies,0.5541125552269537,6.0,1.0,1.0557635794959828e-19,5.6,1.0,4.2471710096395805,63.61562918367508
40,32.4,0.1,,17.0,shell,32.4+0.1,18,50,5,0,25,S,6,6,0.0,0.25?,?,0.0,6.0,0.5,1.0449497156356635e-21,4.25,1.0,11.105980562897267,124.89580940701744
41,33.6,0.1,4400 - 6700 PSR: 192000000,7.2,thermal composite?,33.6+0.1,18,52,48,0,41,S,10,10,66.54888664742049,20,0.51,0.041151642260589434,10.0,0.5,3.009455181030711e-20,5.6,1.0,4.459537315708498,63.311328721400464
42,36.6,2.6,,10.847515992631571,shell,36.6+2.6,18,48,49,4,26,S,17,13?,0.0,0.7?,0.5?,0.0,15.0,0.5,4.766105490320131e-22,10.847515992631571,0.0,6.506258278734579,96.2522979667977
43,41.5,0.4,,7.2,shell?,41.5+0.4,19,5,50,7,46,S?,10,10,0.0,1?,?,0.0,10.0,0.5,1.5047275905153558e-21,5.6,1.0,5.436938565507886,61.34116281632032
44,42.8,0.6,PSR: 38000,8.55,shell,42.8+0.6,19,7,20,9,5,S,24,24,0.0,3?,0.5?,0.0,24.0,0.5,7.837122867267477e-22,13.2,1.0,6.06038402545635,73.44706716002135
45,43.9,1.6,,9.55,shell?,43.9+1.6,19,5,50,10,30,S?,60?,60?,0.0,9.0,0.5,0.0,60.0,0.5,3.7618189762883895e-22,12.9,1.0,6.715823861243348,80.41083850165586
46,53.4,0.0,2000 - 5000,9.55,shell,53.4+0.0,19,29,57,18,10,S,10?,10?,0.0,1.5,0.6?,0.0,10.0,0.5,2.257091385773033e-21,12.9,1.0,8.006206286703701,73.25976261948979
47,54.1,0.3,1500 - 2400 PSR: 2900,5.65,plerionic composite?,54.1+0.3,19,30,31,18,52,C?,12?,12?,0.44457483557209104,0.5,0.1,0.10581144271991004,12.0,1.0,4.9351660291383015e-22,3.1000000000000005,1.0,6.550911306916362,44.318073191460066
48,55.0,0.3,,14.0,shell,55.0+0.3,19,32,0,19,50,S,20,15?,0.3429319537188589,0.5?,0.5?,0.93936761956135,17.5,1.0,2.113971612812966e-22,3.5,1.0,11.468168042776739,90.15023256531248
49,55.7,3.4,,5.65,shell,55.7+3.4,19,21,20,21,44,S,23,23,1.3060104495165932,1?,0.3?,0.7583831751588849,23.0,1.0,3.27969522438973e-22,3.1000000000000005,1.0,6.706694057137505,44.102155021813594
50,57.2,0.8,16000 - 95000 PSR: 3600,5.4,shell?,57.2+0.8,19,34,59,21,57,S?,12?,12?,0.0,1.8,0.35,0.0,12.0,0.5,1.8809094881441944e-21,3.8,1.0,6.8085542247654365,41.81058031944927
51,59.5,0.1,,1.5,shell,59.5+0.1,19,42,33,23,35,S,15,15,0.0,3?,?,0.0,15.0,0.5,2.0063034540204738e-21,3.0,1.0,7.3531679763856275,50.87670838667738
52,63.7,1.1,≥ 8000,1.5,filled-centre,63.7+1.1,19,47,52,27,45,F,8,8,1.7999646410129675,1.8,0.24,0.29478511215319325,8.0,1.0,4.232004781415562e-21,3.0,1.0,7.457633097720731,42.21184077065318
53,64.5,0.9,,11.0,shell,64.5+0.9,19,50,25,28,16,S?,8,8,0.0,0.15?,0.5,0.0,8.0,0.5,3.5267052902703647e-22,2.75,1.0,10.451317953336797,71.79961685002759
54,65.1,0.6,40000 - 140000 PSR: 1600000,8.3,shell,65.1+0.6,19,54,40,28,35,S,90,50,6.063308624013915,5.5,0.61,0.43500039391138856,70.0,1.0,1.933292169355321e-22,2.6,1.0,8.773622056186213,59.1016294846452
55,65.3,5.7,20000,0.8,thermal composite,65.3+5.7,19,33,0,31,10,S?,310,240,47.11909382682416,42,0.6,0.7342622663364379,275.0,1.0,9.012094040520763e-23,0.2,1.0,7.700084509623657,43.98382152553594
56,65.7,1.2,3000 - 155000,8.3,filled-centre,65.7+1.2,19,52,10,29,26,F,22,22,6.398033934254526,5.1,varies,0.363974881472997,22.0,1.0,1.7873356299126666e-21,2.6,1.0,8.845388243443109,58.78272641583361
57,66.0,0.0,,8.3,shell,66.0-0.0,19,57,50,29,3,S,31,25?,0.0,?,?,0.0,28.0,,,2.6,1.0,8.881180878663251,58.62338931585776
58,67.6,0.9,,8.3,shell,67.6+0.9,19,57,45,30,53,S,50,45?,0.0,?,?,0.0,47.5,,,2.6,1.0,9.071044814170174,57.77483176664918
59,67.7,1.8,1500 - 13000,8.3,shell,67.7+1.8,19,54,32,31,29,S,15,12,0.1242638132160554,1.0,0.61,2.4384132421891143,13.5,0.5,8.359597725085308e-22,2.6,1.0,9.082853186887268,57.721864208746595
60,67.8,0.5,,8.602499767233857,?,67.8+0.5,20,0,0,30,51,?,7,5,0.0,?,?,0.0,6.0,,,8.602499767233857,0.0,9.27345662386693,59.19124272119354
61,69.0,2.7,60000 PSR: 100000 SN: 614 yr,3.05,plerionic composite,69.0+2.7,19,53,20,32,55,?,80?,80?,62.647415721438044,120?,varies,0.10028908726396348,80.0,0.5,2.8213642322162918e-21,3.1,1.0,7.470886430818591,22.404038091158228
62,69.7,1.0,,8.453563828296941,shell,69.7+1.0,20,2,40,32,43,S,16,14,1.8697329415817447,2.0,0.7,0.5993953023651926,15.0,1.0,1.2997531082866513e-21,8.453563828296941,0.0,9.409423925029072,57.417095249883204
63,73.9,0.9,11000 - 12000,3.05,shell?,73.9+0.9,20,14,15,36,12,S?,27,27,8.257952942500454,9,0.23,0.271402863409036,27.0,1.0,1.781105483429088e-21,3.1,1.0,7.731076569200693,22.274143886704177
64,74.9,1.2,4000 - 28000,3.05,filled-centre,74.9+1.2,20,16,2,37,12,F,8,6,4.33245493485119,9,varies,1.2270499103665242,7.0,0.5,2.8213642322162925e-20,3.1,1.0,7.783950152604957,22.228604763719463
65,76.9,1.0,PSR: 8900,8.0,filled-centre,76.9+1.0,20,22,20,38,43,C,9,9,1.5688070617184733,2?,?,0.4267676986773966,9.0,1.0,3.314865710490015e-21,2.0,1.0,9.949303123741007,51.55
66,78.2,2.1,8000 - 16000 PSR: 77000,3.05,plerionic composite?,78.2+2.1,20,20,50,40,26,S,60,60,317.40056751826836,320,0.51,0.4860657781483075,60.0,1.0,1.3321030835484504e-20,3.1,1.0,7.957580830259949,22.035596516538288
67,82.2,5.3,14100 - 20900,3.05,thermal composite,82.2+5.3,20,19,0,45,30,S,95,65,93.67484875408762,120?,0.5?,0.477506300381795,80.0,1.0,2.603420569388432e-21,3.1,1.0,8.16575655191887,21.71902345825848
68,85.4,0.7,3500 - 55000,3.05,thermal composite,85.4+0.7,20,50,40,45,22,S,24?,24?,2.454895630275089,?,0.2,0.1858658123013573,24.0,,,3.1,1.0,8.329993546981393,21.40557270857779
69,89.0,4.7,4800 - 18000,3.05,thermal composite,89.0+4.7,20,45,0,50,35,S,120,90,213.86365648769944,220,0.38,0.2061208768115268,105.0,1.0,3.022438029809805e-21,3.1,1.0,8.51180489472477,20.994069003936573
70,93.3,6.9,5000 - 7000,3.05,thermal & plerionic composite?,93.3+6.9,20,52,25,55,21,C?,27,20,7.710794676392838,9,0.45,0.3492863425255339,23.5,1.0,2.328258686019021e-21,3.1,1.0,8.724197643085974,20.42754739734192
71,94.0,1.0,25000,3.05,shell,94.0+1.0,21,24,50,51,53,S,30,25,15.308569409335535,13,0.45,0.3215138365343466,27.5,1.0,2.839779029216411e-21,3.1,1.0,8.758231323658523,20.328096180006412
72,96.0,2.0,,4.0,shell,96.0+2.0,21,30,30,53,59,S,26,26,0.2823832619435202,0.35,0.6,0.4428105889611085,26.0,1.0,7.038199275344037e-23,1.0,1.0,9.310736901509449,25.29367650766245
73,106.3,2.7,≥ 3900 PSR: 10000,3.05,plerionic composite,106.3+2.7,22,27,30,60,50,C?,60,24,5.687547100324532,6,0.6,0.4634331705035222,42.0,1.0,6.106449509481272e-22,3.1,1.0,9.32732734470783,18.291561508658443
74,113.0,0.2,PSR: 10000000,3.05,?,113.0+0.2,23,26,50,61,26,?,40,17?,0.0,4,0.5?,0.0,28.5,0.5,8.851338767737386e-22,3.1,1.0,9.610940592380985,16.984869157025052
75,114.3,0.3,7700,0.7,shell,114.3+0.3,23,37,0,61,55,S,90,55,8.956742778941068,5.5,0.5,0.3262617680074248,72.5,0.5,1.671919545017061e-22,0.175,1.0,8.31257846978765,4.401723782512441
76,116.5,1.1,15000 - 50000,1.6,shell,116.5+1.1,23,53,40,63,15,S,80,60,10.210662413439064,10,0.5,0.3191589909494985,70.0,1.0,3.1678688912597323e-22,0.4,1.0,8.830779354938674,9.331607491685787
77,116.9,0.2,7500 - 18100,3.05,thermal composite,116.9+0.2,23,59,10,62,26,S,34,34,7.975113812077085,8,0.57,0.680290750338785,34.0,1.0,1.03971429561658e-21,3.1,1.0,9.766335741434194,16.1710544537085
78,119.5,10.2,13000 PSR: 14000,1.4,plerionic composite,119.5+10.2,0,6,40,72,45,S,90?,90?,36.44604094722156,36,0.6,0.2863239263520824,90.0,1.0,6.729108434375895e-22,0.5999999999999999,1.0,8.774410962926098,7.9824337871415745
79,120.1,1.4,SN: 450 yr,1.4,shell,120.1+1.4,0,25,18,64,9,S,8,8,50.79165109506238,50,0.58,0.5873988794459096,8.0,1.0,1.1848748304401375e-19,0.5999999999999999,1.0,8.78600253314167,7.923859236863548
80,126.2,1.6,270000,4.5,shell?,126.2+1.6,1,22,0,64,15,S?,70,70,7.2031904391556205,6,0.5,0.3679088568908919,70.0,1.0,2.0272658098597976e-22,1.125,1.0,11.259378671518009,18.815105353348745
81,127.1,0.5,20000 - 30000,1.15,shell,127.1+0.5,1,28,20,63,10,S,45,45,11.850923671436195,12,0.45,0.4389410990636718,45.0,1.0,8.86151676732984e-22,0.2875,1.0,8.741940686970668,6.022670144994903
82,130.7,3.1,≤ 7000 PSR: 5400 SN: 841 yr ?,2.6,plerionic composite?,130.7+3.1,2,5,41,64,49,F,9,5,31.77844594754773,33,0.07,0.049522953469117365,7.0,1.0,1.0830434987553633e-19,1.2000000000000002,1.0,9.8938007661032,11.49197856922627
83,132.7,1.3,25000 - 33000 PSR: 13000000,2.6,thermal composite,132.7+1.3,2,17,40,62,45,S,80,80,50.544721245036754,45,0.6,0.4159659298029738,80.0,1.0,1.1231935795742617e-21,1.2000000000000002,1.0,9.948439187456078,11.07350160367424
84,150.3,4.5,≥ 1000,2.6,shell,150.3+4.5,4,27,0,55,28,S,180,150,0.0,?,?,0.0,165.0,,,1.2000000000000002,1.0,10.339007254114332,7.157390096474693
85,156.2,5.7,7000 - 36600,2.6,shell,156.2+5.7,4,58,40,51,50,S,110,110,5.048755217281571,5,0.5,0.5269831260560804,110.0,1.0,6.248198027181283e-23,1.2000000000000002,1.0,10.431793814227383,5.772503895856019
86,159.6,7.3,,4.128432606395873,shell,159.6+7.3,5,20,0,50,0,S,240,180?,0.0,?,?,0.0,210.0,,,4.128432606395873,0.0,11.956422718122981,6.9127887426437775
87,160.9,2.6,2600 - 9200 PSR: 16000,1.05,thermal composite?,160.9+2.6,5,1,0,46,40,S,140,120,34.90859860675655,110,0.64,0.9110561603505528,130.0,0.5,9.852383033136255e-22,1.5,1.0,8.99875778784197,2.1881243234631014
88,166.0,4.3,9000 - 20100,1.05,thermal composite,166.0+4.3,5,26,30,42,56,S,55,35,52.17881942920947,7,0.37,-0.03962426066616239,45.0,0.5,5.471736692783111e-22,1.5,1.0,9.02238705672932,1.6133293894085503
89,179.0,2.6,PSR: 51700,1.05,shell?,179.0+2.6,5,53,40,31,5,S?,70,70,0.0,7,0.4,0.0,70.0,0.5,2.1496108435933653e-22,1.5,1.0,9.049858633074184,0.11601810070569712
90,181.1,9.5,≤ 16000,1.05,shell?,181.1+9.5,6,26,40,32,30,S,74,74,0.0,?,0.45?,0.0,74.0,,,1.5,1.0,9.049828946651072,-0.12761898706299665
91,182.4,4.3,3800 - 4400,9.5,shell,182.4+4.3,6,8,10,29,0,S,50,50,0.3910526313859631,0.5,0.4,0.2536106087211273,50.0,1.0,2.6815829580955356e-23,13.0,1.0,17.496190161718822,-1.3028720743518298
92,189.1,3.0,3000 - 30000 SN: 1185 yr,9.5,thermal & plerionic composite,189.1+3.0,6,17,0,22,34,C,45,45,155.15813670103555,165,0.36,0.4256588538222399,45.0,1.0,1.1895081027704572e-20,13.0,1.0,17.44525432964904,-4.940815836615331
93,205.5,0.5,30000 - 150000,9.5,shell,205.5+0.5,6,39,0,6,30,S,220,220,200.7193347214695,140,0.4,0.3792413422766194,220.0,1.0,5.296382061750329e-22,13.0,1.0,17.07170065404085,-13.86112165567685
94,206.9,2.3,64000,2.2,shell?,206.9+2.3,6,48,40,6,26,S?,60,40,7.164667321647005,6,0.5,0.561966935902891,50.0,1.0,4.126924612257945e-22,0.55,1.0,10.011556973922863,-5.705814853180576
95,261.9,5.5,,2.9,shell,261.9+5.5,9,4,20,-38,42,S,40,30,9.465849326406657,10?,0.4?,0.3873630314520701,35.0,1.0,1.2204500230941184e-21,0.725,1.0,8.885258418408766,-18.85215005695468
96,279.0,1.1,,9.5,shell,279.0+1.1,9,57,40,-53,15,S,95,95,33.64371972832935,30?,0.6?,0.5962679802429349,95.0,1.0,5.305621110152001e-22,13.0,1.0,11.422432372917992,-55.230931522249406
97,292.0,1.8,2930 - 3050 PSR: 2900,9.5,plerionic composite,292.0+1.8,11,24,36,-59,16,C,12,8,0.0,15,0.4,0.0,10.0,0.5,2.351136860180243e-20,13.0,1.0,9.864572864588784,-63.24213926969928
98,293.8,0.6,,8.727941154605194,plerionic composite?,293.8+0.6,11,35,0,-60,54,C,20,20,2.0872234031738195,5?,0.6?,1.6300979505009787,20.0,0.5,1.8809094881441944e-21,8.727941154605194,0.0,9.15549251552034,-60.719064995285386
99,294.1,0.0,,8.751449421023143,shell,294.1-0.0,11,36,10,-61,38,S,40,40,0.0,&gt;2?,?,0.0,40.0,0.5,1.8809094881441948e-22,8.751449421023143,0.0,9.133024309136252,-61.0090475046496
100,296.5,10.0,7000 - 10000 PSR: 470000,9.5,shell,296.5+10.0,12,9,40,-52,25,S,90,65,51.21907351644671,48,0.5,0.5021360695915356,77.5,1.0,1.2760485250048614e-21,13.0,1.0,9.29666243376133,-66.13601787037382
101,298.6,0.0,,9.102697197539085,thermal composite,298.6-0.0,12,13,41,-62,37,S,12,9,0.0,5?,0.3,0.0,10.5,0.5,6.96633143757109e-21,9.102697197539085,0.0,8.782989452909192,-65.49737189764653
102,302.3,0.7,,9.387824484488801,shell,302.3+0.7,12,45,55,-62,8,S,17,17,4.0013844913059815,5?,0.4?,0.6980409212743799,17.0,1.0,2.343361867976667e-21,9.387824484488801,0.0,8.477543951430306,-69.39392846680744
103,304.6,0.1,2000 - 64000,12.85,thermal composite,304.6+0.1,13,5,59,-62,42,S,8,8,16.374674517246316,14,0.5,0.5529571902106654,8.0,1.0,3.5707508436737673e-20,6.300000000000002,1.0,10.600652150555756,-86.19641777604542
104,309.8,0.0,,9.946631784722358,shell,309.8+0.0,13,50,30,-62,5,S,25,19,16.749208809629554,17,0.5,0.5075505028111998,22.0,1.0,5.345617437254054e-21,9.946631784722358,0.0,7.814378806991054,-77.93729843533686
105,315.1,2.7,,1.7,shell,315.1+2.7,14,24,30,-57,50,S,190,150,0.0,?,?,0.0,170.0,,,0.425,1.0,6.9009532974722285,-80.18614216264717
106,315.9,0.0,PSR: 114000,12.85,plerionic composite,315.9-0.0,14,38,25,-60,11,S,25,14,0.0,0.8?,?,0.0,19.5,0.5,3.439377349749385e-22,6.300000000000002,1.0,9.026390927712383,-97.81858745305328
107,316.3,0.0,,11.6,shell,316.3-0.0,14,41,30,-60,0,S,29,14,19.65698407174104,20?,0.4,0.10129249347451212,21.5,1.0,7.348886464208956e-21,8.8,1.0,8.023546455226901,-92.76046752549848
108,318.2,0.1,8000,11.6,shell,318.2+0.1,14,54,50,-59,4,S,40,35,0.0,&gt;3.9?,?,0.0,37.5,0.5,4.1917411450070607e-22,8.8,1.0,7.758843628973378,-94.78724130655284
109,318.9,0.4,,10.56976312048596,plerionic composite?,318.9+0.4,14,58,30,-58,29,C,30,14,4.63737666839591,4?,0.2?,0.20238963823878195,22.0,1.0,1.5472498788820153e-21,10.56976312048596,0.0,6.948388847554151,-89.71128109274632
110,322.1,0.0,850 - 7100,11.6,shell,322.1+0.0,15,20,49,-57,10,S?,8,4.5?,0.0,?,?,0.0,6.25,,,8.8,1.0,7.218448161113398,-99.19422124308471
111,323.5,0.1,,10.8534228364045,shell,323.5+0.1,15,28,42,-56,21,S,13,13,4.048324860330319,3?,0.4?,0.06063210770193918,13.0,1.0,3.1378132793651834e-21,10.8534228364045,0.0,6.496399982622166,-96.40400827971462
112,327.4,0.4,2400 - 23000,11.6,thermal composite,327.4+0.4,15,48,20,-53,49,S,21,21,27.818058863018837,30?,0.6,0.8195243710640253,21.0,1.0,9.86399414979879e-21,8.8,1.0,6.496216984943888,-105.83351654762136
113,327.4,1.0,,11.074069231860008,shell,327.4+1.0,15,46,48,-53,20,S,14,14,0.0,1.9?,?,0.0,14.0,0.5,1.4586645010097836e-21,11.074069231860008,0.0,6.112690949816744,-102.56095037039805
114,327.6,14.6,SN: 1016 yr,11.6,shell,327.6+14.6,15,2,50,-41,56,S,30,30,0.0,19,0.6,0.0,30.0,0.5,3.176647135532417e-21,8.8,1.0,6.46936913669533,-106.10141106645322
115,328.4,0.2,4900 - 6500,16.7,filled-centre,328.4+0.2,15,55,30,-53,17,F,5,5,14.631113358246353,15,0.0,0.145627657702867,5.0,1.0,8.917350761568277e-20,-1.3999999999999986,1.0,10.738182490392763,-125.42234316038049
116,329.7,0.4,,11.19485018828839,shell,329.7+0.4,16,1,20,-52,18,S,40,33,0.0,&gt;34?,?,0.0,36.5,0.5,3.8758134907213705e-21,11.19485018828839,0.0,5.888576165914763,-106.43037625823436
117,330.0,15.0,15000 - 52200,16.7,shell,330.0+15.0,15,10,0,-40,0,S,180?,180?,0.0,350?,0.5?,0.0,180.0,0.5,1.6254773354332543e-21,-1.3999999999999986,1.0,10.558788382612756,-127.73868777632966
118,330.2,1.0,1000 - 15000,10.5,shell?,330.2+1.0,16,1,6,-51,34,S?,11,11,5.395685853679328,5?,0.3,0.5132269732353766,11.0,1.0,6.463915424116308e-21,11.0,1.0,5.335297914270589,-102.02488431938593
119,332.0,0.2,,11.308264072784278,shell,332.0+0.2,16,13,17,-50,53,S,12,12,0.0,8?,0.5,0.0,12.0,0.5,8.359597725085308e-21,11.308264072784278,0.0,5.667730027107525,-110.4970175171646
120,332.4,0.1,3000 - 8600,10.5,shell,332.4+0.1,16,15,20,-50,42,S,15,15,0.0,26,0.5,0.0,15.0,0.5,1.7387963268177444e-20,11.0,1.0,5.0366455790690745,-105.0183469112502
121,335.2,0.1,,1.8,shell,335.2+0.1,16,27,45,-48,47,S,21,21,14.489816445826854,16,0.5,0.6976852148350443,21.0,1.0,5.201685718342916e-21,0.45,1.0,6.4106168672174,-123.63626103809885
122,336.7,0.5,,11.515768698424644,shell,336.7+0.5,16,32,11,-47,19,S,14,10,0.0,6,0.5,0.0,12.0,0.5,6.448832530780096e-21,11.515768698424644,0.0,5.233265833529114,-119.49537972378856
123,337.2,0.1,1500,14.0,plerionic composite?,337.2+0.1,16,35,55,-47,20,?,3,2,0.0,1.5?,?,0.0,2.5,0.5,3.7618189762883883e-20,3.5,1.0,7.314550843638719,-132.1233833672874
124,337.3,1.0,,5.0,shell,337.3+1.0,16,32,39,-46,36,S,15,12,14.08881957740776,16,0.55,0.6212689002230917,13.5,1.0,1.2576521384490012e-20,1.25,1.0,3.8983269287606297,-104.93264513805843
125,338.1,0.4,,11.570993978799242,shell,338.1+0.4,16,37,59,-46,24,S,15?,15?,0.0,4?,0.4,0.0,15.0,0.5,2.6750712720272978e-21,11.570993978799242,0.0,5.109999837826966,-122.3722876661388
126,338.3,0.0,1000 - 8000 PSR: 3350,10.5,plerionic composite,338.3-0.0,16,41,0,-46,34,C?,8,8,0.0,7?,?,0.0,8.0,0.5,1.6457958021261702e-20,11.0,1.0,4.260953881735707,-114.33612694536386
127,338.5,0.1,1100 - 17000,11.0,?,338.5+0.1,16,41,9,-46,19,?,9,9,0.0,12?,?,0.0,9.0,0.5,2.229226060022749e-20,2.75,1.0,4.609393456319788,-118.99879135914465
128,340.4,0.4,,11.654899317958346,shell,340.4+0.4,16,46,31,-44,39,S,10,7,5.018196501453172,5,0.4,0.5896521220439002,8.5,1.0,1.0767611916386424e-20,11.654899317958346,0.0,4.9156201936535,-127.31137059574436
129,340.6,0.3,,15.0,shell,340.6+0.3,16,47,41,-44,34,S,6,6,3.0560387004656286,5?,0.4?,0.984967065099586,6.0,0.5,2.0898994312713268e-20,3.75,1.0,7.9136945918183965,-140.97980320254194
130,341.2,0.9,,11.682058847529015,plerionic composite,341.2+0.9,16,47,35,-43,47,C,22,16,8.966107853821544,1.5?,0.6?,-0.9875316096876736,19.0,0.5,6.412191436855208e-22,11.682058847529015,0.0,4.850721707423453,-129.09360061073386
131,342.1,0.9,,11.711345076039938,shell,342.1+0.9,16,50,43,-43,4,S,10,9,0.0,0.5?,?,0.0,9.5,0.5,8.359597725085312e-22,11.711345076039938,0.0,4.779581206540491,-131.13933717190477
132,348.5,0.1,6000 - 30000 SN: 1629 yr ??,10.5,thermal composite,348.5+0.1,17,14,6,-38,32,S,15,15,58.790180202393024,72,0.3,0.562176098420491,15.0,1.0,4.3734131715336894e-20,11.0,1.0,3.1020395909305583,-137.5587011261128
133,348.5,0.0,,3.15,shell?,348.5-0.0,17,15,26,-38,28,S?,10?,10?,0.0,10?,0.4?,0.0,10.0,0.5,1.5047275905153555e-20,6.3,1.0,4.953210563574921,-149.71596219225182
134,348.7,0.3,650 - 16800 PSR: 950 SN: 1629 yr ??,3.15,shell,348.7+0.3,17,13,55,-38,11,S,17?,17?,28.651099203000822,26,0.3,0.08349968179882719,17.0,1.0,1.4227511561028915e-20,6.3,1.0,4.949699102900166,-150.23653494805066
135,349.7,0.2,1800 - 3100,3.15,shell,349.7+0.2,17,17,59,-37,26,S,2.5,2,20.275970187649143,20,0.5,0.4736431098867885,2.25,1.0,6.06043635761296e-19,6.3,1.0,4.933020787321852,-152.84396523089256
136,351.2,0.1,,11.929474523004473,plerionic composite?,351.2+0.1,17,22,27,-36,11,C?,7,7,5.165150507644869,5?,0.4,0.5001313020151195,7.0,1.0,1.560794125570858e-20,11.929474523004473,0.0,4.205667319818252,-154.28163196121398
137,351.7,0.8,≤ 68000,3.15,shell,351.7+0.8,17,21,0,-35,27,S,18,14,10.045280312917457,10,0.5?,0.5316075987144879,16.0,1.0,5.984659989377218e-21,6.3,1.0,4.904120739839502,-158.07975353537128
138,354.1,0.1,,3.15,plerionic composite?,354.1+0.1,17,30,28,-33,46,C?,15,3?,0.0,?,varies,0.0,9.0,,,6.3,1.0,4.87744584975522,-164.393535079722
139,355.4,0.7,,11.980681058723205,shell,355.4+0.7,17,31,20,-32,26,S,25,25,0.0,5?,?,0.0,25.0,0.5,1.2037820724122844e-21,11.980681058723205,0.0,4.0574969339669344,-166.30192316433678
140,355.6,0.0,7300 - 20000,13.0,thermal composite,355.6-0.0,17,35,16,-32,38,S,8,6,2.4895362276002633,3?,?,0.2542035990801531,7.0,1.0,8.604433980003853e-21,3.25,1.0,5.060931489044343,-168.63444746124972
141,356.2,4.5,,11.986812436901332,shell,356.2+4.5,17,19,0,-29,40,S,25,25,0.0,4,0.7,0.0,25.0,0.5,9.630256579298274e-22,11.986812436901332,0.0,4.03934742285775,-168.6577847705975
142,357.7,0.3,10000,6.4,shell,357.7+0.3,17,38,35,-30,44,S,24,24,10.325820659520515,10,0.4?,0.391378580898288,24.0,1.0,2.6549325647784328e-21,1.6,1.0,1.6255749568324218,-166.30907806717502
143,358.0,3.8,,11.996345240475753,shell,358.0+3.8,17,26,0,-28,36,S,38,38,0.0,1.5?,?,0.0,38.0,0.5,1.563082677128139e-22,11.996345240475753,0.0,4.0109476275955975,-174.0084999942109
144,359.1,0.9,,11.999259806304975,shell,359.1+0.9,17,39,36,-29,11,S,12,11,2.4406162855038867,2?,?,0.5133942345468879,11.5,1.0,2.531029486246028e-21,11.999259806304975,0.0,4.002219896606623,-177.30077668901288
145,1.0,-0.1,,11.999086188336587,,1.0-0.1,17,48,30,-28,9,S,8.0,8.0,0.0,15,0.6?,0.0,8.0,0.5,3.526705290270365e-20,11.999086188336587,0.0,4.002740391890314,177.00106524270282
146,1.4,-0.1,,11.99820900552335,,1.4-0.1,17,49,39,-27,46,S,10.0,10.0,0.0,2?,?,0.0,10.0,0.5,3.009455181030712e-21,11.99820900552335,0.0,4.005368979230053,175.80292061194675
147,3.7,-0.2,,11.987496969816663,,3.7-0.2,17,55,26,-25,50,S,14.0,11.0,2.136919346952461,2.3,0.65,0.6798093822280528,12.5,1.0,2.167647713717773e-21,11.987496969816663,0.0,4.0373154940673395,168.95337573948342
148,4.2,-3.5,,11.983892276003303,,4.2-3.5,18,8,55,-27,3,S,28.0,28.0,0.0,3.2?,0.6?,0.0,28.0,0.5,6.141745267409615e-22,11.983892276003303,0.0,4.048002707156749,167.47780994010245
149,5.2,-2.6,,11.975319108401001,,5.2-2.6,18,7,30,-25,45,S,18.0,18.0,0.0,2.6?,0.6?,0.0,18.0,0.5,1.2074974491789891e-21,11.975319108401001,0.0,4.073295011654061,164.54651094363226
150,5.4,-1.2,,11.973386576131434,,5.4-1.2,18,2,10,-24,54,C?,35.0,35.0,32.67752610738685,35?,0.2?,0.14869721162124866,35.0,1.0,4.156581256800339e-21,11.973386576131434,0.0,4.078972162017723,163.96378479417316
151,6.4,-0.1,,11.962636689488573,,6.4-0.1,18,0,30,-23,26,C,48.0,48.0,280.38559680085683,310,varies,0.37311189907903336,48.0,1.0,1.9278851921638962e-20,11.962636689488573,0.0,4.110392126707851,161.0700183629549
152,6.5,-0.4,,11.961462174662255,,6.5-0.4,18,2,11,-23,34,S,18.0,18.0,0.0,27,0.6,0.0,18.0,0.5,1.2539396587627963e-20,11.961462174662255,0.0,4.1138087758334265,160.78257486221858
153,7.0,-0.1,,11.955318657425547,,7.0-0.1,18,1,50,-22,54,S,15.0,15.0,0.0,2.5?,0.5?,0.0,15.0,0.5,1.6719195450170624e-21,11.955318657425547,0.0,4.1316287102561144,159.35098779584445
154,7.7,-3.7,,11.945960312835533,,7.7-3.7,18,17,25,-24,4,S,22.0,22.0,11.432621146092927,11,0.32,0.4277797700021184,22.0,1.0,3.4870851204653116e-21,11.945960312835533,0.0,4.158609407501305,157.36329034250315
155,8.7,-5.0,,11.931062899654176,,8.7-5.0,18,24,10,-23,48,S,26.0,26.0,0.0,4.4,0.3,0.0,26.0,0.5,9.79408490867983e-22,11.931062899654176,0.0,4.201159135821412,154.55956811046116
156,8.7,-0.1,,11.931062899654176,,8.7-0.1,18,5,30,-21,26,S?,45.0,45.0,100.56479380205431,80,0.5,0.22276906416234485,45.0,1.0,6.7086623977695605e-21,11.931062899654176,0.0,4.201159135821412,154.55956811046116
157,9.9,-0.8,,11.910822875696182,,9.9-0.8,18,10,41,-20,43,S,12.0,12.0,0.0,6.7,0.4,0.0,12.0,0.5,7.001163094758945e-21,11.910822875696182,0.0,4.258203661615136,151.2550810048146
158,11.1,-1.0,,11.888019686214369,,11.1-1.0,18,14,3,-19,46,S,18.0,12.0,6.814097583962264,5.8,0.5,0.4319633601527028,15.0,1.0,4.393699227787294e-21,11.888019686214369,0.0,4.32145669192456,148.02060686464438
159,11.1,-0.7,,11.888019686214369,,11.1-0.7,18,12,46,-19,38,S,11.0,7.0,0.0,1.0,0.7,0.0,9.0,0.5,1.9541916759939685e-21,11.888019686214369,0.0,4.32145669192456,148.02060686464438
160,11.2,-0.3,,11.88600425837089,,11.2-0.3,18,11,27,-19,25,C,4.0,4.0,20.586968498218354,22,0.5,0.5715714311400344,4.0,1.0,2.0025558279899205e-19,11.88600425837089,0.0,4.326996969029334,147.75435356360373
161,11.4,-0.1,,11.881920409183849,,11.4-0.1,18,10,47,-19,5,S?,8.0,8.0,7.095224411762222,6,0.5,0.8328410164969807,8.0,1.0,1.539433240341315e-20,11.881920409183849,0.0,4.338198634205248,147.2233931000068
162,11.8,-0.2,,11.873541044829798,,11.8-0.2,18,12,25,-18,44,S,4.0,4.0,0.0,0.7,0.3,0.0,4.0,0.5,6.583183208504681e-21,11.873541044829798,0.0,4.361080491889843,146.1677047277283
163,12.0,-0.1,,11.8692457091013,,12.0-0.1,18,12,11,-18,37,?,7?,7?,3.0228403096612615,3.5,0.7,0.8710302729817172,7.0,1.0,1.0015405900482676e-20,11.8692457091013,0.0,4.372757287682491,145.64300242077445
164,13.3,-1.3,,11.839616389868507,,13.3-1.3,18,19,20,-18,0,S?,70,40,0.0,?,?,0.0,55.0,,,11.839616389868507,0.0,4.452357099420151,142.28432157739599
165,14.1,-0.1,,11.819918000161175,,14.1-0.1,18,16,40,-16,41,S,6,5,0.0,0.5,0.6,0.0,5.5,0.5,2.5078793175255925e-21,11.819918000161175,0.0,4.504391020933438,140.26280142006442
166,15.1,-1.6,,11.793737623381448,,15.1-1.6,18,24,0,-16,34,S?,30,24,0.0,5.5?,0.0?,0.0,27.0,0.5,1.1494446871992302e-21,11.793737623381448,0.0,4.572499630490625,137.78511872145623
167,16.0,-0.5,,11.768706592784165,,16.0-0.5,18,21,56,-15,14,S,15,10,0.0,2.7,0.6,0.0,12.5,0.5,2.7085096629276408e-21,11.768706592784165,0.0,4.636544525070211,135.60216305544407
168,16.2,-2.7,,11.762956322883792,,16.2-2.7,18,29,40,-16,8,S,17,17,0.0,2.5,0.4,0.0,17.0,0.5,1.3016674658437327e-21,11.762956322883792,0.0,4.65111368877693,135.12310327487074
169,16.4,-0.5,,11.757138020260625,,16.4-0.5,18,22,38,-14,55,S,13,13,6.119662771635095,4.6,0.3?,0.4429463840489111,13.0,1.0,4.7722403353549214e-21,11.757138020260625,0.0,4.665801707374844,134.64623707134103
170,17.4,-2.3,,11.727030446068294,,17.4-2.3,18,30,55,-14,52,S,24?,24?,0.0,5,0.5?,0.0,24.0,0.5,1.3061871445445792e-21,11.727030446068294,0.0,4.740965821115699,132.29470720870006
171,17.4,-0.1,,11.727030446068294,,17.4-0.1,18,23,8,-13,46,S,6,6,0.0,0.4,0.7,0.0,6.0,0.5,1.6719195450170616e-21,11.727030446068294,0.0,4.740965821115699,132.29470720870006
172,17.8,-2.6,,11.714515679264322,,17.8-2.6,18,32,50,-14,39,S,24,24,0.0,5,0.5,0.0,24.0,0.5,1.3061871445445792e-21,11.714515679264322,0.0,4.771804941557273,131.36932907694882
173,18.1,-0.1,,11.704953694904079,,18.1-0.1,18,24,34,-13,11,S,8,8,0.0,4.6,0.5,0.0,8.0,0.5,1.0815229556829116e-20,11.704953694904079,0.0,4.795212091258462,130.68097156676382
174,18.6,-0.2,,11.688683363504904,,18.6-0.2,18,25,55,-12,50,S,6,6,0.0,1.4,0.4,0.0,6.0,0.5,5.8517184075597154e-21,11.688683363504904,0.0,4.8347369346970375,129.54446092193965
175,18.9,-1.1,,11.678721721248115,,18.9-1.1,18,29,50,-12,58,C?,33,33,45.941660308941366,37,0.39,0.20345136853376453,33.0,1.0,5.730238965565493e-21,11.678721721248115,0.0,4.858750761013312,128.86896920911377
176,20.0,-0.2,,11.640924728332687,,20.0-0.2,18,28,7,-11,35,F,10,10,8.941295925210124,10,0.1,-0.01772230359271568,10.0,0.5,1.5047275905153555e-20,11.640924728332687,0.0,4.948623189261082,126.43287019761978
177,21.0,-0.4,,11.604846377433471,,21.0-0.4,18,31,12,-10,47,S,9,7,0.0,1.1,0.6,0.0,8.0,0.5,2.6273021421696685e-21,11.604846377433471,0.0,5.032647469887914,124.27284788090158
178,21.5,-0.9,,11.586200112481404,,21.5-0.9,18,33,33,-10,35,C,5,5,7.205176206757533,7,varies,0.2018870684115935,5.0,1.0,4.274984113288064e-20,11.586200112481404,0.0,5.075427760645988,123.2119612776613
179,21.6,-0.8,,11.582422611433758,,21.6-0.8,18,33,40,-10,25,S,13,13,0.0,1.4,0.5?,0.0,13.0,0.5,1.246519897468342e-21,11.582422611433758,0.0,5.084042333630588,123.0012938252577
180,21.8,-0.6,,11.57481952404683,,21.8-0.6,18,32,45,-10,8,S,20,20,72.22299314370477,65,0.56,0.5394940090891829,20.0,1.0,2.5810402979554003e-20,11.57481952404683,0.0,5.101328551048664,122.58145834677988
181,22.7,-0.2,,11.539816326681313,,22.7-0.2,18,33,15,-9,13,S?,26,26,0.0,33,0.6,0.0,26.0,0.5,7.345563681509874e-21,11.539816326681313,0.0,5.180023083583642,120.71667292838606
182,23.3,-0.3,,11.515768698424644,,23.3-0.3,18,34,45,-8,48,S,27,27,0.0,70,0.5,0.0,27.0,0.5,1.4448687426073376e-20,11.515768698424644,0.0,5.2332658335291065,119.49537972378859
183,24.7,-0.6,,11.457471451359153,,24.7-0.6,18,38,43,-7,32,S?,15?,15?,6.887698758411276,8,0.5,0.6467771195641124,15.0,1.0,4.978206906902811e-21,11.457471451359153,0.0,5.359696627729037,116.71188272442042
184,25.1,-2.3,,11.440259437259146,,25.1-2.3,18,45,10,-8,0,S,80,30?,0.0,8,0.5?,0.0,55.0,0.5,5.0157586350511845e-22,11.440259437259146,0.0,5.396338018341974,115.93319370328176
185,28.6,-0.1,,11.279406760522985,,28.6-0.1,18,43,55,-3,53,S,13,9,0.0,3?,?,0.0,11.0,0.5,3.8582758731162956e-21,11.279406760522985,0.0,5.724943941268632,109.41616328743766
186,29.7,-0.3,,11.225160310896372,,29.7-0.3,18,46,25,-2,59,C,3,3,11.131851977845717,10,0.63,0.8058104256953914,3.0,1.0,1.766537817208385e-19,11.225160310896372,0.0,5.830589678126633,107.47152163075808
187,30.7,-2.0,,11.174364474980557,,30.7-2.0,18,54,25,-2,54,?,16,16,0.0,0.5?,0.7?,0.0,16.0,0.5,2.9389210752253034e-22,11.174364474980557,0.0,5.927358482519216,105.74375133623484
188,31.5,-0.6,,11.132731595560406,,31.5-0.6,18,51,10,-1,31,S?,18?,18?,0.0,2?,?,0.0,18.0,0.5,9.288441916761452e-22,11.132731595560406,0.0,6.005188358512247,104.38802683942642
189,32.0,-4.9,,11.106268426143092,,32.0-4.9,19,6,0,-3,0,S?,60?,60?,17.45091364617828,22?,0.5?,0.8163710445250303,60.0,1.0,8.244844199228223e-22,11.106268426143092,0.0,6.053990555530867,103.55230892572435
190,32.1,-0.9,,11.100935338185815,,32.1-0.9,18,53,10,-1,8,C?,40?,40?,0.0,?,?,0.0,40.0,,,11.100935338185815,0.0,6.063764063468938,103.38621781851671
191,32.8,-0.1,,11.06322969389755,,32.8-0.1,18,51,25,0,8,S?,22,15,4.091519024939956,11?,0.2?,1.8193837295075816,18.5,0.5,5.015758635051185e-21,11.06322969389755,0.0,6.132287398684402,102.23323956491829
192,33.2,-0.6,,11.041392329750801,,33.2-0.6,18,53,50,0,2,S,18,18,2.938021265171681,3.5,varies,0.18350334285822656,18.0,1.0,1.4949796645105565e-21,11.041392329750801,0.0,6.171519701055829,101.58186752873756
193,34.7,-0.4,,10.95765258747652,,34.7-0.4,18,56,0,1,22,C,35,27,501.46727712557436,240,0.37,0.08539241810076006,31.0,0.5,3.8215303886104266e-20,10.95765258747652,0.0,6.3190070242221665,99.18602409526743
194,35.6,-0.4,,10.906037838313322,,35.6-0.4,18,57,55,2,13,S?,15,11,0.0,9,0.5,0.0,13.0,0.5,8.207605039174668e-21,10.906037838313322,0.0,6.407678102813691,97.78272572589847
195,36.6,-0.7,,10.847515992631571,,36.6-0.7,19,0,35,2,56,S?,25?,25?,2.088759169860381,1.0,0.7?,1.0427110719399455,25.0,0.5,2.4075641448245686e-22,10.847515992631571,0.0,6.506258278734579,96.2522979667977
196,38.7,-1.3,,10.720744325146004,,38.7-1.3,19,6,40,4,28,S,32,19?,0.0,?,?,0.0,25.5,,,10.720744325146004,0.0,6.713094749431868,93.13212743770616
197,39.2,-0.3,,10.689812432285693,,39.2-0.3,19,4,8,5,28,C,8,6,62.079640489767115,18,0.34,-0.16524613178587874,7.0,0.5,5.642728464432585e-20,10.689812432285693,0.0,6.7622415043053765,92.40710608244427
198,39.7,-2.0,,10.658601505037268,,39.7-2.0,19,12,20,4,55,?,120,60,85.88860510943583,85?,0.7?,0.5580867565763893,90.0,1.0,1.785699993144802e-21,10.658601505037268,0.0,6.811329822935994,91.68869529134471
199,40.5,-0.5,,10.608094355326255,,40.5-0.5,19,7,10,6,31,S,22,22,12.067951167365846,11,0.4,0.491418855903008,22.0,1.0,3.585845307664906e-21,10.608094355326255,0.0,6.889726710726277,90.55268305795236
200,41.1,-0.3,,10.569763120485963,,41.1-0.3,19,7,34,7,8,S,4.5,2.5,69.34412792784482,25,0.50,0.19857576114957035,3.5,0.5,3.343839090034123e-19,10.569763120485963,0.0,6.948388847554143,89.71128109274635
201,42.0,-0.1,,10.511559850109792,,42.0-0.1,19,8,10,8,0,S?,8,8,0.0,0.5?,?,0.0,8.0,0.5,1.1755684300901214e-21,10.511559850109792,0.0,7.0361288730067875,88.46575196703306
202,43.3,-0.2,,10.426039532688431,,43.3-0.2,19,11,8,9,6,S,4,3,59.35711695702164,38,0.46,-0.004297631970732264,3.5,0.5,4.764970703298625e-19,10.426039532688431,0.0,7.162241245784585,86.70060089618711
203,45.7,-0.4,,10.263904951318109,,45.7-0.4,19,16,25,11,9,S,22,22,0.0,4.2?,0.4?,0.0,22.0,0.5,1.3057553471414245e-21,10.263904951318109,0.0,7.392716358031572,83.54171002668662
204,46.8,-0.3,,10.187864647804329,,46.8-0.3,19,18,10,12,9,S,15,15,22.703992534407803,17,0.54,0.8365740124146339,15.0,1.0,1.327637622669758e-20,10.187864647804329,0.0,7.497160390309037,82.13485021009738
205,49.2,-0.7,,10.0185008317962,,49.2-0.7,19,23,50,14,6,S?,30,30,0.0,160?,0.3?,0.0,30.0,0.5,2.6750712720272998e-20,10.0185008317962,0.0,7.722023121132105,79.1490672121993
206,53.6,-2.2,,9.69722220084718,,53.6-2.2,19,38,50,17,14,S,33,28,19.085448440346628,8,0.50,0.054786984307639536,30.5,0.5,1.3027944506626455e-21,9.69722220084718,0.0,8.121815165798624,73.9500195512311
207,54.4,-0.3,,9.637518795216073,,54.4-0.3,19,33,20,18,56,S,40,40,12.917187745506801,28,0.5,-0.9861525376446943,40.0,0.5,2.6332732834018727e-21,9.637518795216073,0.0,8.192571725157915,73.04019788701049
208,68.6,-1.2,,8.539772745643504,,68.6-1.2,20,8,40,30,37,?,23,23,0.5186392047999253,1.1,0.2,-0.2692885862169201,23.0,0.5,3.1289231560810795e-22,8.539772745643504,0.0,9.331252941205936,58.43899206287692
209,70.0,-21.5,,8.43006644521209,,70.0-21.5,21,24,0,19,23,S,330,240,0.0,?,?,0.0,285.0,,,8.43006644521209,0.0,9.430481415564595,57.14086809243303
210,74.0,-8.5,,8.11793360595882,,74.0-8.5,20,51,0,30,40,S,230,160,0.0,210,varies,0.0,195.0,0.5,8.586760706745238e-22,8.11793360595882,0.0,9.70047184260871,53.55631758910986
211,83.0,-0.3,,7.4328092008115725,,83.0-0.3,20,46,55,42,52,S,9,7,0.8966050062936677,1,0.4,0.32511465455000976,8.0,1.0,2.2649792708568497e-21,7.4328092008115725,0.0,10.234908274348667,46.12125018655468
212,84.2,-0.8,,7.34421063563333,,84.2-0.8,20,53,20,43,27,S,20,16,10.02751580587365,11,0.5,0.4215419905814646,18.0,1.0,4.9438567489212205e-21,7.34421063563333,0.0,10.298668367291484,45.19194549001369
213,85.9,-0.6,,7.2200931910921575,,85.9-0.6,20,58,40,44,53,S,24,24,2.4004660475678503,?,0.2,0.2486919598161485,24.0,,,7.2200931910921575,0.0,10.386060577136293,43.899249804350454
214,93.7,-0.2,,6.674880986289398,,93.7-0.2,21,29,20,50,50,S,80,80,56.6234695837799,65,0.65,0.2054648071084206,80.0,1.0,1.4297671120071776e-21,6.674880986289398,0.0,10.744578345327113,38.31157698146105
215,108.2,-0.6,,5.790607031797122,,108.2-0.6,22,53,40,58,50,S,70,54,7.715225459109464,8,0.5,0.4452388430675275,62.0,1.0,3.12792769040891e-22,5.790607031797122,0.0,11.245837905789934,29.284806122297386
216,109.1,-1.0,,5.741883317892232,,109.1-1.0,23,1,35,58,53,S,28,28,34.75956154783913,20,0.45,0.09555872351512476,28.0,0.5,3.8385907921310085e-21,5.741883317892232,0.0,11.270793049458005,28.77703259905675
217,111.7,-2.1,,5.6053197564859065,,111.7-2.1,23,23,26,58,48,S,5,5,0.0,2300,0.77,0.0,5.0,0.5,1.3843493832741269e-17,5.6053197564859065,0.0,11.339329364100365,27.34155554696834
218,152.4,-2.1,,4.237583034886178,,152.4-2.1,4,7,50,49,11,S,100,95,0.0,3.5?,0.7?,0.0,97.5,0.5,5.543733228214467e-23,4.237583034886178,0.0,11.918174777307339,9.481425635403689
219,178.2,-4.2,,4.00098706190307,,178.2-4.2,5,25,5,28,11,S,72,62,0.0,2,0.5,0.0,67.0,0.5,6.741611068617186e-23,4.00098706190307,0.0,11.999670934258333,0.6000767692264711
220,180.0,-1.7,,4.0,,180.0-1.7,5,39,0,27,50,S,180,180,71.35040691053506,65,varies,0.3645325274826738,180.0,1.0,3.166207087288237e-22,4.0,0.0,12.0,0.0
221,184.6,-5.8,,4.006450031073227,,184.6-5.8,5,34,31,22,1,F,7,5,0.0,900,0.30,0.0,6.0,0.5,3.8692995184680575e-18,4.006450031073227,0.0,11.997848063236727,-1.5346151307421814
222,190.9,-2.2,,4.036327792897948,,190.9-2.2,6,1,55,18,24,S,70,60,0.0,1.3?,0.7?,0.0,65.0,0.5,4.657490161118956e-23,4.036327792897948,0.0,11.987829576211016,-3.6504249043584847
223,213.0,-0.6,,4.3429727701519445,,213.0-0.6,6,50,50,0,30,S,160,140?,0.0,21,0.4,0.0,150.0,0.5,1.4106821161081458e-22,4.3429727701519445,0.0,11.880176241020953,-11.484380729490614
224,260.4,-3.4,,6.2931684742582075,,260.4-3.4,8,22,10,-43,0,S,60,50,69.16664138821596,130,0.5,1.1886918389962762,55.0,0.5,6.520486225566542e-21,6.2931684742582075,0.0,10.972512499633007,-34.4375471746358
225,263.9,-3.3,,6.51617363778189,,263.9-3.3,8,34,0,-45,50,C,255,255,1887.7646438322367,1750,varies,0.28062636671016544,255.0,1.0,4.209031009131588e-21,6.51617363778189,0.0,10.841562669757359,-36.70058146053192
226,266.2,-1.2,,6.668177483890549,,266.2-1.2,8,52,0,-46,20,S,120,120,0.0,50?,0.3?,0.0,120.0,0.5,5.224748578178317e-22,6.668177483890549,0.0,10.748739881648225,-38.2434669043705
227,272.2,-3.2,,7.083455852012881,,272.2-3.2,9,6,50,-52,7,S?,15?,15?,0.4160788351961224,0.4,0.6,0.5815813120060881,15.0,1.0,2.7288363096783097e-22,7.083455852012881,0.0,10.479725816670227,-42.48691009873511
228,284.3,-1.8,,7.9862912859161534,,284.3-1.8,10,18,15,-59,0,S,24?,24?,0.0,11?,0.3?,0.0,24.0,0.5,2.873611717998074e-21,7.9862912859161534,0.0,9.809136123864306,-52.08677239451557
229,286.5,-1.2,,8.156790362079223,,286.5-1.2,10,35,40,-59,42,S?,26,6,0.0,1.4?,?,0.0,16.0,0.5,1.3503965555907033e-21,8.156790362079223,0.0,9.667821418969815,-53.994553154515025
230,289.7,-0.3,,8.406577078860044,,289.7-0.3,11,1,15,-60,18,S,18,14,11.354699176950692,6.2,0.2?,0.2802637853703912,16.0,0.5,3.702107563966352e-21,8.406577078860044,0.0,9.451426443515546,-56.865690877070605
231,290.1,-0.8,,8.437898066441894,,290.1-0.8,11,3,5,-60,56,S,19,14,41.67329006571086,42,0.4,0.4437477223106229,16.5,1.0,2.3666448900576982e-20,8.437898066441894,0.0,9.423474742383307,-57.23282690754057
232,291.0,-0.1,,8.508416419602685,,291.0-0.1,11,11,54,-60,38,C,15,13,2.9949647459673203,16,0.29,9.0082670051023,14.0,0.5,1.2346482793972147e-20,8.508416419602685,0.0,9.359853098774328,-58.06573643099054
233,292.2,-0.5,,8.602499767233855,,292.2-0.5,11,19,20,-61,28,S,20,15,6.725998039703372,7,0.5,0.5445136453638604,17.5,1.0,3.442314659616892e-21,8.602499767233855,0.0,9.273456623866931,-59.19124272119353
234,296.1,-0.5,,8.907955303606972,,296.1-0.5,11,51,10,-62,34,S,37,25,2.470626609258714,8?,0.6?,1.755345501880263,31.0,0.5,1.3013860242294966e-21,8.907955303606972,0.0,8.980441654447759,-62.97130886564066
235,296.7,-0.9,,8.95480357039894,,296.7-0.9,11,55,30,-63,8,S,15,8,0.0,3,0.5,0.0,11.5,0.5,3.761818976288389e-21,8.95480357039894,0.0,8.933727834200592,-63.57001694324049
236,296.8,-0.3,,8.962605699707233,,296.8-0.3,11,58,30,-62,35,S,20,14,8.209038335510888,9,0.6,0.6723844694001376,17.0,1.0,4.624091926728516e-21,8.962605699707233,0.0,8.925900462786679,-63.670259492582105
237,298.5,-0.3,,9.094933651580565,,298.5-0.3,12,12,40,-62,52,?,5?,5?,0.0,5?,0.4?,0.0,5.0,0.5,3.009455181030711e-20,9.094933651580565,0.0,8.791028487802066,-65.3947210543907
238,299.2,-2.9,,9.149223903721447,,299.2-2.9,12,15,13,-65,30,S,18,11,0.0,0.5?,?,0.0,14.5,0.5,3.7998171477660484e-22,9.149223903721447,0.0,8.734512119149647,-66.1161522841408
239,299.6,-0.5,,9.180186740715351,,299.6-0.5,12,21,45,-63,9,S,13,13,0.0,1.0?,?,0.0,13.0,0.5,8.903713553345302e-22,9.180186740715351,0.0,8.701963652279527,-66.5314325074088
240,301.4,-1.0,,9.318899727380616,,301.4-1.0,12,37,55,-63,49,S,37,23,0.0,2.1?,?,0.0,30.0,0.5,3.7131938191330748e-22,9.318899727380616,0.0,8.553251304096326,-68.42808335076407
241,306.3,-0.9,,9.689778854704645,,306.3-0.9,13,21,50,-63,34,S?,4,4,0.0,0.16?,0.5?,0.0,4.0,0.5,1.5047275905153558e-21,9.689778854704645,0.0,8.130694050751067,-73.83572003032471
242,308.1,-0.7,,9.822851675560244,,308.1-0.7,13,37,37,-63,4,S,13,13,0.0,1.2?,?,0.0,13.0,0.5,1.068445626401436e-21,9.822851675560244,0.0,7.969415597140314,-75.91868802600432
243,308.4,-1.4,,9.844835209396914,,308.4-1.4,13,41,30,-63,44,S?,12,6?,0.3969829417932436,0.4?,?,0.5492300327184478,9.0,1.0,8.328070983933245e-22,9.844835209396914,0.0,7.942242737402253,-76.27121463036544
244,308.8,-0.1,,9.87405512418858,,308.8-0.1,13,42,30,-62,23,C?,30,20?,12.100924846634415,15?,0.4?,0.35932081473231897,25.0,1.0,3.398292445434495e-21,9.87405512418858,0.0,7.905886123925972,-76.7436918836059
245,309.2,-0.6,,9.903168168505884,,309.2-0.6,13,46,31,-62,54,S,15,12,5.731629986883661,7?,0.4?,0.6184364858269763,13.5,1.0,5.3215652537490274e-21,9.903168168505884,0.0,7.86938753819456,-77.21898972986914
246,310.6,-1.6,,10.004185526127829,,310.6-1.6,14,0,45,-63,26,C?,2.5,2.5,0.0,?,?,0.0,2.5,,,10.004185526127829,0.0,7.740560183786083,-78.9052339341097
247,310.6,-0.3,,10.004185526127829,,310.6-0.3,13,58,0,-62,9,S,8,8,0.0,5?,?,0.0,8.0,0.5,1.1755684300901215e-20,10.004185526127829,0.0,7.740560183786083,-78.9052339341097
248,310.8,-0.4,,10.0185008317962,,310.8-0.4,14,0,0,-62,17,S,12,12,0.0,6?,?,0.0,12.0,0.5,6.269698293813981e-21,10.0185008317962,0.0,7.722023121132105,-79.1490672121993
249,311.5,-0.3,,10.06836703837083,,311.5-0.3,14,5,38,-61,58,S,5,5,0.0,3?,0.5,0.0,5.0,0.5,1.8056731086184267e-20,10.06836703837083,0.0,7.6568913522818045,-80.0084118784885
250,312.4,-0.4,,10.13192133751385,,312.4-0.4,14,13,0,-61,44,S,38,38,40.027108535191594,45,0.36,0.3723809250987098,38.0,1.0,4.4301466812550706e-21,10.13192133751385,0.0,7.5725933477529095,-81.1270913239936
251,312.5,-3.0,,10.1389429794084,,312.5-3.0,14,21,0,-64,12,S,20,18,0.0,3.5?,?,0.0,19.0,0.5,1.4629296018899288e-21,10.1389429794084,0.0,7.5631894899113234,-81.25236526371572
252,315.4,-2.3,,10.33887833906392,,315.4-2.3,14,43,0,-62,30,S,42,42,49.34282768224582,49,0.6,0.6197013366030569,42.0,1.0,4.194420809035503e-21,10.33887833906392,0.0,7.287495776330503,-84.97393750752038
253,315.4,-0.3,,10.33887833906392,,315.4-0.3,14,35,55,-60,36,?,24,13,8.441359566744207,8,0.4,0.7058822200215542,18.5,1.0,3.964706308599937e-21,10.33887833906392,0.0,7.287495776330503,-84.97393750752038
254,317.3,-0.2,,10.465719195835847,,317.3-0.2,14,49,40,-59,46,S,11,11,0.0,4.7?,?,0.0,11.0,0.5,5.844809649109233e-21,10.465719195835847,0.0,7.104134128372937,-87.51039584173188
255,320.4,-1.2,,10.66486580782053,,320.4-1.2,15,14,30,-59,8,C,35,35,58.733198363926576,60?,0.4,0.3127441255688527,35.0,1.0,7.29229059136053e-21,10.66486580782053,0.0,6.801517279341468,-91.83185453469171
256,320.6,-1.6,,10.677361306078808,,320.6-1.6,15,17,50,-59,16,S,60,30,0.0,?,?,0.0,45.0,,,10.677361306078808,0.0,6.781884364942461,-92.11895543414892
257,321.9,-1.1,,10.757488287400221,,321.9-1.1,15,23,45,-58,13,S,28,28,0.0,&gt;3.4?,?,0.0,28.0,0.5,6.5256043466227145e-22,10.757488287400221,0.0,6.654054834944406,-94.01105622705411
258,321.9,-0.3,,10.757488287400221,,321.9-0.3,15,20,40,-57,34,S,31,23,13.488295765244606,13,0.3,0.3403042709012745,27.0,1.0,2.7950679848313188e-21,10.757488287400221,0.0,6.654054834944406,-94.01105622705411
259,322.5,-0.1,,10.793817048688332,,322.5-0.1,15,23,23,-57,6,C,15,15,0.7788724648843207,1.5,0.4,5.439093235968031,15.0,0.5,1.0031517270102369e-21,10.793817048688332,0.0,6.594961221981902,-94.89990856786841
260,323.7,-1.0,,10.86520031003734,,323.7-1.0,15,34,30,-57,12,S,51,38,0.0,?,?,0.0,44.5,,,10.86520031003734,0.0,6.476682964509264,-96.70830921716828
261,326.3,-1.8,,11.013801303838603,,326.3-1.8,15,53,0,-56,10,C,38,38,146.66354492239296,145,varies,0.2397888998503543,38.0,1.0,1.5196474487265913e-20,11.013801303838603,0.0,6.220625437973506,-100.7751379826349
262,327.1,-1.1,,11.057790094209725,,327.1-1.1,15,54,25,-55,9,C,18,18,10.124125697458695,7?,?,0.012419978350285805,18.0,1.0,3.9764111729041824e-21,11.057790094209725,0.0,6.142090705321538,-102.06989232721071
263,327.2,-0.1,,11.06322969389755,,327.2-0.1,15,50,55,-54,18,S,5,5,0.420994371402524,0.4,?,1.0070280768158937,5.0,1.0,2.470745764614377e-21,11.06322969389755,0.0,6.132287398684403,-102.23323956491829
264,332.4,-0.4,,11.327211668735893,,332.4-0.4,16,17,33,-51,2,S,10,10,0.0,28,0.5,0.0,10.0,0.5,4.2132372534429975e-20,11.327211668735893,0.0,5.629766941148933,-111.22569286857457
265,332.5,-5.6,,11.331912003933413,,332.5-5.6,16,43,20,-54,30,S,35,35,2.4078948683702315,2?,0.7?,0.7040669488374097,35.0,1.0,2.7072167447051997e-22,11.331912003933413,0.0,5.620299843879313,-111.4088886499728
266,337.0,-0.1,,11.527863343156811,,337.0-0.1,16,35,57,-47,36,S,1.5,1.5,0.0,1.5,0.6?,0.0,1.5,0.5,1.0031517270102373e-19,11.527863343156811,0.0,5.20656957520991,-120.10386194107565
267,337.2,-0.7,,11.535847775056133,,337.2-0.7,16,39,28,-47,51,S,6,6,1.7268894771417902,1.5,0.4,0.8796883790102656,6.0,1.0,6.7438744830540564e-21,11.535847775056133,0.0,5.1888549903357815,-120.51191925235342
268,337.8,-0.1,,11.559421585253945,,337.8-0.1,16,39,1,-46,59,S,9,6,0.0,15,0.5,0.0,7.5,0.5,4.179798862542655e-20,11.559421585253945,0.0,5.136124279489864,-121.74774773992357
269,341.9,-0.3,,11.704953694904079,,341.9-0.3,16,55,1,-44,1,S,7,7,2.2120541678380308,2.5,0.5,1.3469313995246814,7.0,1.0,7.235059096274245e-21,11.704953694904079,0.0,4.795212091258462,-130.68097156676382
270,342.0,-0.2,,11.708157742200575,,342.0-0.2,16,54,50,-43,53,S,12,9,4.544600221411726,3.5?,0.4?,-0.08668364271752313,10.5,0.5,4.8764320062997636e-21,11.708157742200575,0.0,4.787383657463511,-130.90988491572858
271,343.0,-6.0,,11.739276174292765,,343.0-6.0,17,25,0,-46,30,S,250,250,0.0,?,?,0.0,250.0,,,11.739276174292765,0.0,4.7105620581499865,-133.2287729235893
272,343.1,-2.3,,11.742295445043109,,343.1-2.3,17,8,0,-44,16,C?,32?,32?,0.0,8?,0.5?,0.0,32.0,0.5,1.1755684300901214e-21,11.742295445043109,0.0,4.703030691088446,-133.46365112474732
273,343.1,-0.7,,11.742295445043109,,343.1-0.7,17,0,25,-43,14,S,27,21,0.0,7.8,0.55,0.0,24.0,0.5,2.0699956271639807e-21,11.742295445043109,0.0,4.703030691088446,-133.46365112474732
274,344.7,-0.1,,11.788295008746884,,344.7-0.1,17,3,51,-41,42,C?,8,8,2.2022865824715083,2.5?,0.3?,0.8452804642395588,8.0,1.0,5.527859655589874e-21,11.788295008746884,0.0,4.5865129223358,-137.2961707195276
275,345.7,-0.2,,11.814819994805488,,345.7-0.2,17,7,20,-40,53,S,6,6,0.0,0.6?,?,0.0,6.0,0.5,2.5078793175255925e-21,11.814819994805488,0.0,4.517745952390909,-139.76287868055968
276,346.6,-0.2,,11.837214923308562,,346.6-0.2,17,10,19,-40,11,S,8,8,9.037828502275262,8?,0.5?,0.5544701180324857,8.0,1.0,2.0029133304564452e-20,11.837214923308562,0.0,4.458737810120832,-142.0297277586497
277,347.3,-0.5,,11.85365893240014,,347.3-0.5,17,13,50,-39,45,S?,65,55,0.0,30?,?,0.0,60.0,0.5,1.2627084675653335e-21,11.85365893240014,0.0,4.414835208060482,-143.8232322195001
278,349.2,-0.1,,11.893959853594511,,349.2-0.1,17,17,15,-38,4,S,9,6,0.0,1.4?,?,0.0,7.5,0.5,3.90114560503981e-21,11.893959853594511,0.0,4.30508060331999,-148.82243692643866
279,350.0,-2.0,,11.909020279418908,,350.0-2.0,17,27,50,-38,32,S,45,45,31.173453629270803,26,0.4,0.515796577130645,45.0,1.0,2.1242092128645447e-21,11.909020279418908,0.0,4.263242426180941,-150.9828081011639
280,350.1,-0.3,,11.910822875696182,,350.1-0.3,17,21,5,-37,27,?,4?,4?,0.0,6?,0.8?,0.0,4.0,0.5,5.642728464432584e-20,11.910822875696182,0.0,4.258203661615129,-151.25508100481468
281,351.0,-5.4,,11.926244076459605,,351.0-5.4,17,46,0,-39,25,S,30,30,0.0,?,?,0.0,30.0,,,11.926244076459605,0.0,4.214819358965719,-153.72713073389775
282,351.9,-0.9,,11.940216778140387,,351.9-0.9,17,28,52,-36,16,S,12,9,0.0,1.8?,?,0.0,10.5,0.5,2.5078793175255925e-21,11.940216778140387,0.0,4.175071651003696,-156.23658104045552
283,352.7,-0.1,,11.951416030486367,,352.7-0.1,17,27,40,-35,7,S,8,6,4.125808887398036,4,0.6,0.9414615514780956,7.0,1.0,1.2736592529294492e-20,11.951416030486367,0.0,4.142904158465825,-158.4966920387594
284,353.6,-0.7,,11.962636689488573,,353.6-0.7,17,32,0,-34,44,S,30,30,0.0,2.5?,?,0.0,30.0,0.5,4.179798862542656e-22,11.962636689488573,0.0,4.110392126707849,-161.07001836295495
285,353.9,-2.0,,11.966051743003506,,353.9-2.0,17,38,55,-35,11,S,13,13,0.0,1?,0.5?,0.0,13.0,0.5,8.903713553345302e-22,11.966051743003506,0.0,4.1004396939551215,-161.9345220833469
286,354.8,-0.8,,11.975319108401004,,354.8-0.8,17,36,0,-33,42,S,19,19,0.0,2.8?,?,0.0,19.0,0.5,1.1671017322556772e-21,11.975319108401004,0.0,4.073295011654061,-164.54651094363226
287,355.9,-2.5,,11.984649612923011,,355.9-2.5,17,45,53,-33,43,S,13,13,7.306638648550316,8,0.5,0.5808886309191262,13.0,1.0,6.814296299562822e-21,11.984649612923011,0.0,4.04575996018848,-167.77243412526542
288,356.3,-1.5,,11.987496969816663,,356.3-1.5,17,42,35,-32,52,S,20,15,0.0,3?,?,0.0,17.5,0.5,1.5047275905153558e-21,11.987496969816663,0.0,4.0373154940673395,-168.9533757394835
289,356.3,-0.3,,11.987496969816663,,356.3-0.3,17,37,56,-32,16,S,11,7,0.0,3?,?,0.0,9.0,0.5,5.862575027981905e-21,11.987496969816663,0.0,4.0373154940673395,-168.9533757394835
290,357.7,-0.1,,11.995166857534134,,357.7-0.1,17,40,29,-30,58,?,8,3?,36.10423071571688,37,0.4,0.45318041986005003,5.5,1.0,2.291707352944569e-19,11.995166857534134,0.0,4.014470333669766,-173.1129131390461
291,358.1,1.0,,11.996701522378585,,358.1+1.0,17,37,0,-29,59,S,20,20,0.0,2?,?,0.0,20.0,0.5,7.523637952576779e-22,11.996701522378585,0.0,4.0098818664593265,-174.30729012217748
292,358.5,-0.9,,11.997944037930518,,358.5-0.9,17,46,10,-30,40,S,17,17,0.0,4?,?,0.0,17.0,0.5,2.082667945349973e-21,11.997944037930518,0.0,4.006162610614743,-175.5035913291991
293,359.0,-0.9,,11.999086188336587,,359.0-0.9,17,46,50,-30,16,S,23,23,0.0,23,0.5,0.0,23.0,0.5,6.5422938718058934e-21,11.999086188336587,0.0,4.002740391890314,-177.00106524270262
294,359.1,-0.5,,11.999259806304975,,359.1-0.5,17,45,30,-29,57,S,24,24,6.535742397440032,14,0.4?,-0.4279307268696392,24.0,0.5,3.6573240047248225e-21,11.999259806304975,0.0,4.002219896606623,-177.30077668901288
